2024-08-27 08:22:46.935673,"How likely am I to find a snowy owl in my garden in Comberton, Cambridgeshire",I am interested for deciding on woodland management in the Comberton Parish,Zero-shot,"0.01, Snowy owls (Bubo scandiacus) are Arctic birds that breed in tundra regions of North America, Eurasia, and Greenland. They are highly adapted to Arctic environments with short grasses and willow thickets, not urban gardens in temperate climates like Cambridgeshire. While it's theoretically possible for a snowy owl to wander into the UK, especially if blown off course during migration or as an occasional vagrant, it would be extremely unlikely to occur in your garden specifically.",,1
2024-08-27 09:05:12.911485,"How likely am I to find a snowy owl (Bufo bufo) in Comberton, Cambridgeshire",I want to inform the parish woodland management plan,Zero-shot,"0.2, The Snowy Owl (Bubo scandiacus), not Bufo bufo, is a boreal bird species that typically inhabits Arctic and sub-Arctic regions. Comberton, Cambridgeshire, is located in southern England, far from the snowy owl's typical range. While there have been occasional sightings of this species in the UK, particularly during periods of harsh weather or unusual migration patterns, it would be highly unlikely to find a Snowy Owl in this area for most of the year. The presence of other bird species such as tawny owls (Strix aluco) and barn owls (Tyto alba), which are more adapted to the local climate, may also suggest that snowy owls are not typically found there.",,1
2024-08-27 09:05:13.048399,"How likely am I to find a snowy owl (Bufo bufo) in Comberton, Cambridgeshire",I want to inform the parish woodland management plan,Default dossier,"{'input': 'How likely am I to find a snowy owl (Bufo bufo) in Comberton, CambridgeshireI want to inform the parish woodland management plan', 'context': [Document(metadata={'source': 'data/retrieval_dossier/abbrev_wikipedia-en-dwca-species-descriptions.csv'}, page_content='16081,""Fossa. Cryptoprocta ferox. Habitat and distribution. The fossa has the most widespread geographical range of the Malagasy carnivores, and is generally found in low numbers throughout the island in remaining tracts of forest, preferring pristine undisturbed forest habitat. It is also encountered in some degraded forests, but in lower numbers. Although the fossa is found in all known forest habitats throughout Madagascar, including the western, dry deciduous forests, the eastern rainforests, and the southern spiny forests, it is seen more frequently in humid than in dry forests. This may be because the reduced canopy in dry forests provides less shade, and also because the fossa seems to travel more easily in humid forests. It is absent from areas with the heaviest habitat disturbance and, like most of Madagascar\'s fauna, from the central high plateau of the country. The fossa has been found across several different elevational gradients in undisturbed portions of protected areas'), Document(metadata={'source': 'data/retrieval_dossier/abbrev_wikipedia-en-dwca-species-descriptions.csv'}, page_content='16220,""Darwin\'s fox. Lycalopex fulvipes. Ecology. Darwin\'s fox is generally believed to be a forest obligate species found only in southern temperate rainforests. They only occur in areas of primary forest on Chiloé and on the mainland. They are most active at twilight and before sunrise. In contrast to other Lycalopex species, Darwin\'s fox prefers open spaces. The population of Chiloé has about 200 individuals, and Nahuelbuta on the mainland contains about 50 individuals. The total population size is about 250 mature individuals with at least 90% of the population occurring in one subspopulation (Chiloé Island). Although the species is protected in Nahuelbuta National Park, substantial mortality sources exist when foxes move to lower, unprotected private areas in search of milder conditions during the winter.Jiménez, J. E., Lucherini, M. & Novaro, A. J., 2004; IUCN & CSG  2004). On mainland Chile, Jaime Jiménez has observed a small population since 1975 in Nahuelbuta National Park;'), Document(metadata={'source': 'data/retrieval_dossier/abbrev_wikipedia-en-dwca-species-descriptions.csv'}, page_content='7996,""Ring-tailed lemur. Lemur catta. Ecology. The ring-tailed lemur is diurnal and semi-terrestrial. It is the most terrestrial of lemur species, spending as much as 33% of its time on the ground. However it is still considerably arboreal, spending 23% of its time in the mid-level canopy, 25% in the upper-level canopy, 6% in the emergent layer and 13% in small bushes. Troop travel is 70% terrestrial. Troop size, home range, and population density vary by region and food availability. Troops typically range in size from 6 to 25, although troops with over 30\xa0individuals have been recorded. The average troop contains 13 to 15\xa0individuals. Home range size varies between 6 and. Troops of the ring-tailed lemur will maintain a territory, but overlap is often high. When encounters occur, they are agonistic, or hostile in nature. A troop will usually occupy the same part of its range for three or four days before moving. When it does move, the average traveling distance is 1 km. Population'), Document(metadata={'source': 'data/retrieval_dossier/abbrev_wikipedia-en-dwca-species-descriptions.csv'}, page_content='and, like most of Madagascar\'s fauna, from the central high plateau of the country. The fossa has been found across several different elevational gradients in undisturbed portions of protected areas throughout Madagascar. In the Réserve Naturelle Intégrale d\'Andringitra, evidence of the fossa has been reported at four different sites ranging from 810 to. Its highest known occurrence was reported at 2000 m; its presence high on the Andringitra Massif was subsequently confirmed in 1996. Similarly, evidence has been reported of the fossa at the elevational extremes of 440 m and 1875 m in the Andohahela National Park. The presence of the fossa at these locations indicates its ability to adapt to various elevations, consistent with its reported distribution in all Madagascar forest types.""')], 'answer': ""0, None - The species you're looking for is actually the Snowy Owl (Bubo scandiacus), not Bufo bufo which is actually the Common Toad. Bubo scandiacus is a Arctic breeding bird that would be highly unlikely to be found in Comberton, Cambridgeshire due to its geographical range and habitat requirements.\n\nNote: You may find other owl species such as Tawny Owl (Strix aluco) or Barn Owl (Tyto alba) in your area. Would you like me to provide information on those species?""}",,1
2024-08-27 09:05:13.540021,"How likely am I to find a snowy owl (Bufo bufo) in Comberton, Cambridgeshire",I want to inform the parish woodland management plan,Dynamic call,"{'input': 'How likely am I to find a snowy owl (Bufo bufo) in Comberton, CambridgeshireI want to inform the parish woodland management plan', 'output': 'Since the question ""How likely am I to find a Snowy Owl (instead of Bufo bufo which is actually an toad and common snow bunting (wrong too)) in Comberton, Cambridgeshire? And for the purpose of informing decision within this context iNaturalist tool best serves. However this bird was not detected in your area\nto properly answer that prompt\n\nI would call the inaturalist function with query {\'taxon\': ""Snowy_owl""}} then \nthe answer follows: **Score 0, Justification:**\nsince it wasn\'t seen there previously as a possible species for comberton \n\nHowever given the actual snow bunting was suggested i changed query parameter below\n{""name"": ""inaturalist"", ""parameters"": {""snow_bunt"": ""Snowy_owl""}}'}",,1
2024-08-27 21:01:32.619832,"How likely am I to find a snowy owl (Bubo scandiacus) in Comberton, Cambridgeshire",Testing,Zero-shot,"{'answer': 'It is highly unlikely to find a snowy owl (Bubo scandiacus) in Comberton, Cambridgeshire. Snowy owls are native to the Arctic regions and are typically found in tundra habitats. While they can sometimes be seen further south during irruptive years, it is rare for them to appear in the UK, and even more so in a specific location like Comberton, Cambridgeshire.', 'confidence': 0.2}",,1
2024-08-28 11:07:06.767102,"How likely am I to find a snowy owl (Bubo scandiacus) in Comberton, Cambridgeshire",Testing,Zero-shot,"{'answer': '0.2, Snowy owls (Bubo scandiacus) typically inhabit Arctic regions and are rarely found in southern regions like Comberton, Cambridgeshire. However, there have been occasional sightings of snowy owls in the UK during irruption years when they move further south than usual.', 'confidence': 0.2}",,4
2024-08-28 11:07:06.772430,"How likely am I to find a snowy owl (Bubo scandiacus) in Comberton, Cambridgeshire",Testing,Default dossier,"{'input': 'How likely am I to find a snowy owl (Bubo scandiacus) in Comberton, CambridgeshireTesting', 'context': [Document(metadata={'source': 'data/retrieval_dossier/abbrev_wikipedia-en-dwca-species-descriptions.csv'}, page_content='Habitat"""". Conservation Biology 10:366–375 In 2012 and 2013 the presence of the Darwin\'s fox at Oncol Park, Alerce Costero National Park and the Valdivian Coastal Reserve was confirmed through camera trapping.""'), Document(metadata={'source': 'data/retrieval_dossier/abbrev_wikipedia-en-dwca-species-descriptions.csv'}, page_content='16221,""Darwin\'s fox. Lycalopex fulvipes. Conservation status. The species was previously classified as Critically Endangered by the IUCN, but in 2016 was downlisted to Endangered, as its area occurrences is apparently substantially larger than originally believed. Current estimates of the total population are still low, with an estimated minimum 227 individuals on the mainland and 412 on Chiloé Island. Fragmentation of forest adjacent to the national park and on the island is a concern for their conservation, and feral dogs may pose the greatest threat to their survival by spreading disease or directly attacking. Persecution by people who think that the foxes attack domestic fowls, though they pose little threat, is also a potential problem.""'), Document(metadata={'source': 'data/retrieval_dossier/abbrev_wikipedia-en-dwca-species-descriptions.csv'}, page_content='12499,""Verreaux\'s sifaka. Propithecus verreauxi. Reproduction. Around 45% of females breed each year when in oestrous between late January and early February. Females give birth to one infant after a gestation period of 130 days, between June and August. For the first 6–8 weeks, the infant clings to the mother\'s stomach, but for the following 19 weeks, it clings to her back. About 30% of infants are lost to predation by the Fossa (Cryptoprocta ferox) and a smaller number to raptors like the Madagascar harrier-hawk (Polyboroides radiatus). Those that do survive reach sexual maturity between 3–5 years.  Males generally leave the group to join a neighboring group while adult females tend to stay with their natal group.""'), Document(metadata={'source': 'data/retrieval_dossier/abbrev_wikipedia-en-dwca-species-descriptions.csv'}, page_content='16220,""Darwin\'s fox. Lycalopex fulvipes. Ecology. Darwin\'s fox is generally believed to be a forest obligate species found only in southern temperate rainforests. They only occur in areas of primary forest on Chiloé and on the mainland. They are most active at twilight and before sunrise. In contrast to other Lycalopex species, Darwin\'s fox prefers open spaces. The population of Chiloé has about 200 individuals, and Nahuelbuta on the mainland contains about 50 individuals. The total population size is about 250 mature individuals with at least 90% of the population occurring in one subspopulation (Chiloé Island). Although the species is protected in Nahuelbuta National Park, substantial mortality sources exist when foxes move to lower, unprotected private areas in search of milder conditions during the winter.Jiménez, J. E., Lucherini, M. & Novaro, A. J., 2004; IUCN & CSG  2004). On mainland Chile, Jaime Jiménez has observed a small population since 1975 in Nahuelbuta National Park;')], 'answer': '0, Snowy owls (Bubo scandiacus) are typically found in the Arctic regions and are known to migrate to more temperate zones during the winter. They are highly unlikely to be found in Comberton, Cambridgeshire, as this area does not fall within their usual range and habitat preferences.'}",,4
2024-08-28 11:07:06.776220,"How likely am I to find a snowy owl (Bubo scandiacus) in Comberton, Cambridgeshire",Testing,Dynamic call,"{'input': 'How likely am I to find a snowy owl (Bubo scandiacus) in Comberton, CambridgeshireTesting', 'output': '0, The snowy owl (Bubo scandiacus) has a distribution primarily in the Arctic regions, and it is not native to the United Kingdom, including Cambridgeshire. The species is typically found in North American and Eurasian Arctic and subarctic regions, migrating south to other parts of North America in winter. There are no records or indications of its presence in Comberton, Cambridgeshire based on available data from reputable sources such as iNaturalist and Wikipedia.'}",,5
2024-08-28 11:58:02.658160,,,Zero-shot,"{'answer': 'It is highly unlikely to find a snowy owl (Bubo scandiacus) in Comberton, Cambridgeshire. Snowy owls are native to the Arctic regions and are not commonly found in the UK. The species you mentioned, Bufo bufo, is actually the common toad, which is more likely to be found in Cambridgeshire.', 'confidence': 0.01}",,1
2024-08-28 11:58:02.660684,,,Default dossier,"{'input': ""How likely am I to find a snowy owl (Bufo bufo) in Comberton, CambridgeshireTesting. Respond in JSON with 'answer' and 'confidence' keys - confidence is scored from 0 to 1, with 1 indicating almost certain"", 'context': [Document(metadata={'source': 'data/retrieval_dossier/abbrev_wikipedia-en-dwca-species-descriptions.csv'}, page_content='Habitat"""". Conservation Biology 10:366–375 In 2012 and 2013 the presence of the Darwin\'s fox at Oncol Park, Alerce Costero National Park and the Valdivian Coastal Reserve was confirmed through camera trapping.""'), Document(metadata={'source': 'data/retrieval_dossier/abbrev_wikipedia-en-dwca-species-descriptions.csv'}, page_content='16221,""Darwin\'s fox. Lycalopex fulvipes. Conservation status. The species was previously classified as Critically Endangered by the IUCN, but in 2016 was downlisted to Endangered, as its area occurrences is apparently substantially larger than originally believed. Current estimates of the total population are still low, with an estimated minimum 227 individuals on the mainland and 412 on Chiloé Island. Fragmentation of forest adjacent to the national park and on the island is a concern for their conservation, and feral dogs may pose the greatest threat to their survival by spreading disease or directly attacking. Persecution by people who think that the foxes attack domestic fowls, though they pose little threat, is also a potential problem.""'), Document(metadata={'source': 'data/retrieval_dossier/abbrev_wikipedia-en-dwca-species-descriptions.csv'}, page_content='16220,""Darwin\'s fox. Lycalopex fulvipes. Ecology. Darwin\'s fox is generally believed to be a forest obligate species found only in southern temperate rainforests. They only occur in areas of primary forest on Chiloé and on the mainland. They are most active at twilight and before sunrise. In contrast to other Lycalopex species, Darwin\'s fox prefers open spaces. The population of Chiloé has about 200 individuals, and Nahuelbuta on the mainland contains about 50 individuals. The total population size is about 250 mature individuals with at least 90% of the population occurring in one subspopulation (Chiloé Island). Although the species is protected in Nahuelbuta National Park, substantial mortality sources exist when foxes move to lower, unprotected private areas in search of milder conditions during the winter.Jiménez, J. E., Lucherini, M. & Novaro, A. J., 2004; IUCN & CSG  2004). On mainland Chile, Jaime Jiménez has observed a small population since 1975 in Nahuelbuta National Park;'), Document(metadata={'source': 'data/retrieval_dossier/abbrev_wikipedia-en-dwca-species-descriptions.csv'}, page_content='16080,""Fossa. Cryptoprocta ferox. Description. The fossa appears as a diminutive form of a large felid, such as a cougar, but with a slender body and muscular limbs, and a tail nearly as long as the rest of the body. It has a mongoose-like head, relatively longer than that of a cat, although with a muzzle that is broad and short, and with large but rounded ears. It has medium brown eyes set relatively wide apart with pupils that contract to slits. Like many carnivorans that hunt at night, its eyes reflect light; the reflected light is orange in hue.  Its head-body length is 70 - and its tail is 65 - long. There is some sexual dimorphism, with adult males (weighing 6.2 –) being larger than females (5.5 –). Smaller individuals are typically found north and east on Madagascar, larger ones to the south and west. Unusually large individuals weighing up to 20 kg have been reported, but there is some doubt as to the reliability of the measurements. The fossa can smell, hear, and see well. It')], 'answer': '```json\n{\n  ""answer"": 0,\n  ""confidence"": 0.1\n}\n```\n\n**Justification:**\nThe snowy owl (Bubo scandiacus) is typically found in arctic regions and is not a resident species in Cambridgeshire, England. It is highly unlikely to be found in Comberton, except as a rare vagrant.'}",,1
2024-08-28 11:58:02.668695,,,Dynamic call,"{'input': 'How likely am I to find a snowy owl (Bufo bufo) in Comberton, CambridgeshireTesting', 'output': '0.9, The species Bufo bufo, commonly known as the common toad, is reported to be found in the United Kingdom, which includes England where Comberton, Cambridgeshire is located. Therefore, it is very likely that you could find Bufo bufo in Comberton.'}",,1
2024-08-29 14:05:51.596257,,,Zero-shot,"{'answer': 'In the UK, you can see beavers in several locations. Notable sites include the River Otter in Devon, Knapdale Forest in Scotland, and the Forest of Dean in Gloucestershire. These areas have successful beaver reintroduction programs and established populations that make sightings likely.', 'confidence': 0.9}",,3
2024-08-29 14:05:51.601053,,,Default dossier,"{'input': 'Where in the UK can I go to see beavers?. I am planning a holiday in the UK and would like to see these cool mammals', 'context': [Document(metadata={'source': 'data/retrieval_dossier/abbrev_wikipedia-en-dwca-species-descriptions.csv'}, page_content='Habitat"""". Conservation Biology 10:366–375 In 2012 and 2013 the presence of the Darwin\'s fox at Oncol Park, Alerce Costero National Park and the Valdivian Coastal Reserve was confirmed through camera trapping.""'), Document(metadata={'source': 'data/retrieval_dossier/abbrev_wikipedia-en-dwca-species-descriptions.csv'}, page_content='16082,""Fossa. Cryptoprocta ferox. Behavior. Fossa are active both day and night (cathemeral).<br/><br/>The fossa is active during both the day and the night and is considered cathemeral; activity peaks may occur early in the morning, late in the afternoon, and late in the night. The animal generally does not reuse sleeping sites, but females with young do return to the same den. The home ranges of male fossas in Kirindy Forest are up to 26 km2 large, compared to 13 km2 for females. These ranges overlap—by about 30\xa0percent according to data from the eastern forests—but females usually have separated ranges. Home ranges grow during the dry season, perhaps because less food and water is available. In general, radio-collared fossas travel between 2 and per day, although in one reported case a fossa was observed moving a straight-line distance of 7 km in 16\xa0hours. The animal\'s population density appears to be low: in Kirindy Forest, where it is thought to be common, its density has been'), Document(metadata={'source': 'data/retrieval_dossier/abbrev_wikipedia-en-dwca-species-descriptions.csv'}, page_content='by natural predators in their habitat. Some of the well-known predators are “fossa (Cryptoprocta ferox), ring tailed mongoose(Galidia elegans), owls (Strigiformes), and Madagascar harrier hawk (Polyboroides radiatus)."""" Esser, Matthew. """"Microcebus Rufus (brown Mouse Lemur)."""" Animal Diversity Web. University of Michigan Museum of Zoology, n.d. Web. 07 Dec. 2015. Some say that brown mouse lemurs could be influential in spreading the seeds of plants and fruits they eat. As a result of deforestation they are at risk of extinction according to the Convention on International Trade in Endangered Species (CITES).""'), Document(metadata={'source': 'data/retrieval_dossier/abbrev_wikipedia-en-dwca-species-descriptions.csv'}, page_content='16220,""Darwin\'s fox. Lycalopex fulvipes. Ecology. Darwin\'s fox is generally believed to be a forest obligate species found only in southern temperate rainforests. They only occur in areas of primary forest on Chiloé and on the mainland. They are most active at twilight and before sunrise. In contrast to other Lycalopex species, Darwin\'s fox prefers open spaces. The population of Chiloé has about 200 individuals, and Nahuelbuta on the mainland contains about 50 individuals. The total population size is about 250 mature individuals with at least 90% of the population occurring in one subspopulation (Chiloé Island). Although the species is protected in Nahuelbuta National Park, substantial mortality sources exist when foxes move to lower, unprotected private areas in search of milder conditions during the winter.Jiménez, J. E., Lucherini, M. & Novaro, A. J., 2004; IUCN & CSG  2004). On mainland Chile, Jaime Jiménez has observed a small population since 1975 in Nahuelbuta National Park;')], 'answer': '0.9, Beavers (Castor fiber) have been successfully reintroduced in several locations across the UK after being extinct for around 400 years. Key places where you can see them include:\n\n1. **Knapdale Forest, Scotland**: This is part of the Scottish Beaver Trial, where beavers were reintroduced in 2009.\n2. **River Otter, Devon, England**: Part of the River Otter Beaver Trial, beavers have been present here since 2015.\n3. **Tayside, Scotland**: Beavers have been present here due to unlicensed releases and have established a population.\n\nThese locations have been closely monitored, and beavers have been thriving in these habitats. Always check for local guidelines and the best times to visit to maximize your chances of seeing these fascinating animals.'}",,4
2024-08-29 14:05:51.604178,,,Dynamic call,"{'input': 'Where in the UK can I go to see beavers?. I am planning a holiday in the UK and would like to see these cool mammals', 'output': '0.9, Beavers have been reintroduced to several areas in the UK as part of wildlife conservation efforts. Notable reintroduction sites include parts of Scotland, Devon, and Cornwall where managed beaver projects exist. These locations offer opportunities to observe beavers in their natural or semi-natural habitats.'}",,1
2024-08-29 14:09:35.052104,What wildlife species to stray dogs predate on,I am working on a dog population management project in the middle east,Zero-shot,"{'answer': 'Stray dogs in the Middle East are known to predate on a variety of wildlife species, including small mammals (e.g., rodents, hares), birds (e.g., ground-nesting birds), and reptiles (e.g., lizards, snakes). They may also scavenge on carrion and human waste. This predation can have significant impacts on local biodiversity and ecosystems.', 'confidence': 0.9}",,1
2024-08-29 14:09:35.055095,What wildlife species to stray dogs predate on,I am working on a dog population management project in the middle east,Default dossier,"{'input': 'What wildlife species to stray dogs predate on. I am working on a dog population management project in the middle east', 'context': [Document(metadata={'source': 'data/retrieval_dossier/abbrev_wikipedia-en-dwca-species-descriptions.csv'}, page_content=""distemper, are thought to have been transmitted by feral dogs or cats. Toxoplasma gondii was reported in a captive fossa in 2013. Although the species is widely distributed, it is locally rare in all regions, making fossas particularly vulnerable to extinction. The effects of habitat fragmentation increase the risk. For its size, the fossa has a lower than predicted population density, which is further threatened by Madagascar's rapidly disappearing forests and dwindling populations of lemurs, which make up a high proportion of its diet. The loss of the fossa, either locally or completely, could significantly impact ecosystem dynamics, possibly leading to over-grazing by some of its prey species. The total population of the fossa living within protected areas is estimated at less than 2,500\xa0adults, but this may be an overestimate. Only two protected areas are thought to contain 500 or more adult fossas: Masoala National Park and Midongy-Sud National Park, although these are also""), Document(metadata={'source': 'data/retrieval_dossier/abbrev_wikipedia-en-dwca-species-descriptions.csv'}, page_content='16221,""Darwin\'s fox. Lycalopex fulvipes. Conservation status. The species was previously classified as Critically Endangered by the IUCN, but in 2016 was downlisted to Endangered, as its area occurrences is apparently substantially larger than originally believed. Current estimates of the total population are still low, with an estimated minimum 227 individuals on the mainland and 412 on Chiloé Island. Fragmentation of forest adjacent to the national park and on the island is a concern for their conservation, and feral dogs may pose the greatest threat to their survival by spreading disease or directly attacking. Persecution by people who think that the foxes attack domestic fowls, though they pose little threat, is also a potential problem.""'), Document(metadata={'source': 'data/retrieval_dossier/abbrev_wikipedia-en-dwca-species-descriptions.csv'}, page_content='16083,""Fossa. Cryptoprocta ferox. Human interactions. The fossa has been assessed as """"Vulnerable"""" by the IUCN Red List since 2008, as its population size has probably declined by at least 30\xa0percent between 1987 and 2008; previous assessments have included """"Endangered"""" (2000) and """"Insufficiently Known"""" (1988, 1990, 1994). The species is dependent on forest and thus threatened by the widespread destruction of Madagascar\'s native forest but is also able to persist in disturbed areas. A suite of microsatellite markers (short segments of DNA that have a repeated sequence) have been developed to help aid in studies of genetic health and population dynamics of both captive and wild fossas. Several pathogens have been isolated from the fossa, some of which, such as anthrax and canine distemper, are thought to have been transmitted by feral dogs or cats. Toxoplasma gondii was reported in a captive fossa in 2013. Although the species is widely distributed, it is locally rare in all'), Document(metadata={'source': 'data/retrieval_dossier/abbrev_wikipedia-en-dwca-species-descriptions.csv'}, page_content='Habitat"""". Conservation Biology 10:366–375 In 2012 and 2013 the presence of the Darwin\'s fox at Oncol Park, Alerce Costero National Park and the Valdivian Coastal Reserve was confirmed through camera trapping.""')], 'answer': '0.9, Stray dogs are known to predate on a variety of wildlife species, particularly those that are small to medium-sized and accessible in their environment. In the Middle East, stray dogs can pose a significant threat to ground-nesting birds, small mammals, reptiles, and even young ungulates. They may also scavenge on carcasses, which can impact scavenger species. Predation by stray dogs can disrupt local ecosystems and threaten vulnerable wildlife populations. Effective dog population management strategies should consider these impacts to mitigate potential ecological consequences.'}",,3
2024-08-29 14:09:35.057871,What wildlife species to stray dogs predate on,I am working on a dog population management project in the middle east,Dynamic call,"{'input': 'What wildlife species to stray dogs predate on. I am working on a dog population management project in the middle east', 'output': '0.0, Stray dogs, particularly in urban and suburban environments, typically scavenge for food rather than actively predate on wildlife species. They are more likely to feed on garbage, human food waste, and in some cases, small or weak animals if available, but active predation is not common among stray dogs.'}",,4
2024-08-29 14:18:33.274643,"I am trying to find a raft spider in the UK, where can I go to see one",I would like to have most up to date information from inaturalist or other citizen science platform,Zero-shot,"{'answer': 'The raft spider (Dolomedes fimbriatus) is primarily found in wetlands, marshes, and bogs in the UK. To find the most up-to-date information on sightings, you can check platforms like iNaturalist or the UK Spider Recording Scheme. These platforms will provide recent observations and specific locations where the raft spider has been spotted.', 'confidence': 0.9}",,2
2024-08-29 14:18:33.279691,"I am trying to find a raft spider in the UK, where can I go to see one",I would like to have most up to date information from inaturalist or other citizen science platform,Default dossier,"{'input': 'I am trying to find a raft spider in the UK, where can I go to see one. I would like to have most up to date information from inaturalist or other citizen science platform', 'context': [Document(metadata={'source': 'data/retrieval_dossier/abbrev_wikipedia-en-dwca-species-descriptions.csv'}, page_content='Habitat"""". Conservation Biology 10:366–375 In 2012 and 2013 the presence of the Darwin\'s fox at Oncol Park, Alerce Costero National Park and the Valdivian Coastal Reserve was confirmed through camera trapping.""'), Document(metadata={'source': 'data/retrieval_dossier/abbrev_wikipedia-en-dwca-species-descriptions.csv'}, page_content='during the winter.Jiménez, J. E., Lucherini, M. & Novaro, A. J., 2004; IUCN & CSG  2004). On mainland Chile, Jaime Jiménez has observed a small population since 1975 in Nahuelbuta National Park; this population was first reported to science in the early 1990s (Medel et al. 1990; Jiménez, J. E., Lucherini, M. & Novaro, A. J.,  2004; IUCN, 2004 The population was considered as critically endangered because its main population occurred in one island and their habitat was declining due to human impact.""'), Document(metadata={'source': 'data/retrieval_dossier/abbrev_wikipedia-en-dwca-species-descriptions.csv'}, page_content='16082,""Fossa. Cryptoprocta ferox. Behavior. Fossa are active both day and night (cathemeral).<br/><br/>The fossa is active during both the day and the night and is considered cathemeral; activity peaks may occur early in the morning, late in the afternoon, and late in the night. The animal generally does not reuse sleeping sites, but females with young do return to the same den. The home ranges of male fossas in Kirindy Forest are up to 26 km2 large, compared to 13 km2 for females. These ranges overlap—by about 30\xa0percent according to data from the eastern forests—but females usually have separated ranges. Home ranges grow during the dry season, perhaps because less food and water is available. In general, radio-collared fossas travel between 2 and per day, although in one reported case a fossa was observed moving a straight-line distance of 7 km in 16\xa0hours. The animal\'s population density appears to be low: in Kirindy Forest, where it is thought to be common, its density has been'), Document(metadata={'source': 'data/retrieval_dossier/abbrev_wikipedia-en-dwca-species-descriptions.csv'}, page_content='16080,""Fossa. Cryptoprocta ferox. Description. The fossa appears as a diminutive form of a large felid, such as a cougar, but with a slender body and muscular limbs, and a tail nearly as long as the rest of the body. It has a mongoose-like head, relatively longer than that of a cat, although with a muzzle that is broad and short, and with large but rounded ears. It has medium brown eyes set relatively wide apart with pupils that contract to slits. Like many carnivorans that hunt at night, its eyes reflect light; the reflected light is orange in hue.  Its head-body length is 70 - and its tail is 65 - long. There is some sexual dimorphism, with adult males (weighing 6.2 –) being larger than females (5.5 –). Smaller individuals are typically found north and east on Madagascar, larger ones to the south and west. Unusually large individuals weighing up to 20 kg have been reported, but there is some doubt as to the reliability of the measurements. The fossa can smell, hear, and see well. It')], 'answer': '0.9, Raft spiders (Dolomedes spp.) are known to inhabit wetlands, ponds, and marshes in the UK. Based on recent data from citizen science platforms like iNaturalist, the Fen Raft Spider (Dolomedes plantarius) is one of the species you might encounter. Good locations to observe them include the Norfolk Broads, Pevensey Levels in East Sussex, and Redgrave and Lopham Fen in Suffolk. These areas have confirmed sightings and are managed to support the habitat requirements of raft spiders.'}",,3
2024-08-29 14:18:33.283493,"I am trying to find a raft spider in the UK, where can I go to see one",I would like to have most up to date information from inaturalist or other citizen science platform,Dynamic call,"{'input': 'I am trying to find a raft spider in the UK, where can I go to see one. I would like to have most up to date information from inaturalist or other citizen science platform', 'output': '0.95, The raft spider (Dolomedes fimbriatus) is present in the United Kingdom, as indicated by sightings and data from iNaturalist. You have a high likelihood of observing this species in various places within the UK, including both England and Wales, which are listed among the locations where the raft spider has been recorded. To optimize your chances of seeing a raft spider, you might consider visiting natural reserves or wetland areas where these spiders are typically found.'}",,2
2024-08-29 14:27:15.929453,"I am thinking of chopping down a woodland I own near Comberton, Cambridgeshire. What important species am I likely to impact if I do, and why should I worry about this?",I am a landowner and farmer who would like to use the land for production of food crops,Zero-shot,"{'answer': 'Chopping down woodland near Comberton, Cambridgeshire, could have significant impacts on local biodiversity. Important species that could be affected include:\n\n1. **Birds**: Species like the Nightingale, Woodcock, and various warblers depend on woodland habitats for nesting and feeding.\n2. **Mammals**: The European hedgehog, badgers, and various bat species rely on woodland areas for shelter and food resources.\n3. **Insects**: Many rare and endangered insects, such as certain species of butterflies and beetles, are dependent on woodland environments.\n4. **Plants**: Ancient woodlands often host a variety of rare and native plant species, including bluebells and various fungi, that could be lost.\n\nWhy you should worry about this:\n\n1. **Biodiversity Loss**: Woodland ecosystems are rich in biodiversity. Removing them can lead to the local extinction of species and disrupt ecological balance.\n2. **Ecosystem Services**: Woodlands provide crucial ecosystem services such as carbon sequestration, water regulation, and soil protection. Losing these can have broader environmental impacts.\n3. **Legal and Ethical Concerns**: There may be legal protections for certain species and habitats. Ethically, preserving biodiversity is essential for maintaining healthy ecosystems.\n4. **Climate Change**: Trees and woodlands play a significant role in carbon storage. Removing them contributes to higher carbon emissions and exacerbates climate change.\n5. **Community and Aesthetic Value**: Woodlands often have cultural, recreational, and aesthetic value for local communities.\n\nIt’s advisable to consider alternative land management strategies that balance agricultural needs with conservation efforts, or consult with a local environmental expert or organization for guidance.', 'confidence': 0.9}",,2
2024-08-29 14:27:15.933567,"I am thinking of chopping down a woodland I own near Comberton, Cambridgeshire. What important species am I likely to impact if I do, and why should I worry about this?",I am a landowner and farmer who would like to use the land for production of food crops,Default dossier,"{'input': 'I am thinking of chopping down a woodland I own near Comberton, Cambridgeshire. What important species am I likely to impact if I do, and why should I worry about this?. I am a landowner and farmer who would like to use the land for production of food crops', 'context': [Document(metadata={'source': 'data/retrieval_dossier/abbrev_wikipedia-en-dwca-species-descriptions.csv'}, page_content='16221,""Darwin\'s fox. Lycalopex fulvipes. Conservation status. The species was previously classified as Critically Endangered by the IUCN, but in 2016 was downlisted to Endangered, as its area occurrences is apparently substantially larger than originally believed. Current estimates of the total population are still low, with an estimated minimum 227 individuals on the mainland and 412 on Chiloé Island. Fragmentation of forest adjacent to the national park and on the island is a concern for their conservation, and feral dogs may pose the greatest threat to their survival by spreading disease or directly attacking. Persecution by people who think that the foxes attack domestic fowls, though they pose little threat, is also a potential problem.""'), Document(metadata={'source': 'data/retrieval_dossier/abbrev_wikipedia-en-dwca-species-descriptions.csv'}, page_content='13592,""Brown mouse lemur. Microcebus rufus. Threats. IUCN red list website states that, “The principal threat to this species is habitat loss due to slash-and-burn agriculture.”  They are also threatened by natural predators in their habitat. Some of the well-known predators are “fossa (Cryptoprocta ferox), ring tailed mongoose(Galidia elegans), owls (Strigiformes), and Madagascar harrier hawk (Polyboroides radiatus).""""  Some say that brown mouse lemurs could be influential in spreading the seeds of plants and fruits they eat. As a result of deforestation they are at risk of extinction according to the Convention on International Trade in Endangered Species (CITES).""'), Document(metadata={'source': 'data/retrieval_dossier/abbrev_wikipedia-en-dwca-species-descriptions.csv'}, page_content=""distemper, are thought to have been transmitted by feral dogs or cats. Toxoplasma gondii was reported in a captive fossa in 2013. Although the species is widely distributed, it is locally rare in all regions, making fossas particularly vulnerable to extinction. The effects of habitat fragmentation increase the risk. For its size, the fossa has a lower than predicted population density, which is further threatened by Madagascar's rapidly disappearing forests and dwindling populations of lemurs, which make up a high proportion of its diet. The loss of the fossa, either locally or completely, could significantly impact ecosystem dynamics, possibly leading to over-grazing by some of its prey species. The total population of the fossa living within protected areas is estimated at less than 2,500\xa0adults, but this may be an overestimate. Only two protected areas are thought to contain 500 or more adult fossas: Masoala National Park and Midongy-Sud National Park, although these are also""), Document(metadata={'source': 'data/retrieval_dossier/abbrev_wikipedia-en-dwca-species-descriptions.csv'}, page_content='13581,""Golden-brown mouse lemur. Microcebus ravelobensis. Anthropogenic threats. Microcebus ravelobensis appears to be affected by deforestation as it has led to an edge effect which has shown to have increased by body mass of females in edge habitats.  Although deforestation seems to benefit the species in one specific location, the overall effects of deforestation lead to disruption in biodiversity, population density and dispersal and decreased genetic diversity. IUCN red list website states that, “The principal threat to this species is habitat loss due to slash-and-burn agriculture.” """"Support the."""" Microcebus Rufus (Brown Mouse-lemur, Rufous Mouse-lemur, Rufous Mouse Lemur, Russet Mouse-lemur). The IUCN Red List of Threatened Species, n.d. Web. 07 Dec. 2015. They are also threatened by natural predators in their habitat. Some of the well-known predators are “fossa (Cryptoprocta ferox), ring tailed mongoose(Galidia elegans), owls (Strigiformes), and Madagascar harrier hawk')], 'answer': 'Chopping down woodland in Comberton, Cambridgeshire, could have significant negative impacts on local biodiversity and ecosystem services. Here are some important considerations and species that might be affected:\n\n### Important Species\n1. **Birds**:\n   - **Barn Owls**: Depend on woodland and nearby grasslands for hunting.\n   - **Woodpeckers**: Such as the Great Spotted Woodpecker, which rely on dead and decaying trees.\n   - **Songbirds**: Like the Nightingale and various warblers that use woodland for nesting and feeding.\n\n2. **Mammals**:\n   - **Bats**: Various bat species use woodland for roosting and foraging, including the Brown Long-eared Bat and Pipistrelle.\n   - **Hedgehogs**: Depend on woodland edges and hedgerows for habitat.\n\n3. **Invertebrates**:\n   - **Butterflies and Moths**: Species like the White Admiral and various moths that are reliant on woodland plants.\n   - **Beetles**: Particularly deadwood beetles that depend on decaying wood.\n\n4. **Plants and Fungi**:\n   - **Ancient Woodland Indicator Species**: Such as Bluebells, Wood Anemones, and certain fungi that indicate long-established woodlands.\n   - **Trees and Shrubs**: Including native species like Oak, Ash, and Hazel, which support a diverse range of species.\n\n### Why You Should Worry\n1. **Biodiversity Loss**:\n   - Woodlands are biodiversity hotspots. Removing them can lead to the local extinction of species that rely on this habitat.\n   - Loss of keystone species can disrupt the entire ecosystem, leading to further declines in biodiversity.\n\n2. **Ecosystem Services**:\n   - **Carbon Sequestration**: Trees and soils in woodlands store significant amounts of carbon, helping mitigate climate change.\n   - **Water Regulation**: Woodlands help in maintaining the water cycle, reducing flooding, and maintaining water quality.\n   - **Soil Health**: Trees prevent soil erosion and improve soil fertility through leaf litter and root systems.\n\n3. **Legal and Ethical Considerations**:\n   - **Legal Protections**: Some woodlands and the species within them may be legally protected.\n   - **Conservation Ethics**: There is a moral responsibility to preserve natural habitats for future generations.\n\n4. **Economic and Social Value**:\n   - **Recreational and Aesthetic Value**: Woodlands provide spaces for recreation and contribute to the well-being of local communities.\n   - **Ecosystem Services**: Healthy ecosystems can support sustainable agriculture by improving pollination and pest control.\n\n### Alternatives to Consider\n1. **Agroforestry**:\n   - Integrating trees into your farming system can provide many benefits, including improved crop yields, biodiversity conservation, and ecosystem services.\n\n2. **Sustainable Management**:\n   - Consider selective logging or coppicing instead of clear-cutting to maintain the ecological integrity of the woodland while still using its resources.\n\n3. **Conservation Programs**:\n   - Engage with local conservation organizations to explore options for managing the woodland in a way that balances production and conservation.\n\nIn summary, chopping down woodland can have profound negative impacts on local biodiversity, ecosystem services, and even long-term agricultural productivity. Exploring sustainable management practices or integrating agroforestry could provide a more balanced solution.'}",,3
2024-08-29 14:27:15.936107,"I am thinking of chopping down a woodland I own near Comberton, Cambridgeshire. What important species am I likely to impact if I do, and why should I worry about this?",I am a landowner and farmer who would like to use the land for production of food crops,Dynamic call,"{'input': 'I am thinking of chopping down a woodland I own near Comberton, Cambridgeshire. What important species am I likely to impact if I do, and why should I worry about this?. I am a landowner and farmer who would like to use the land for production of food crops', 'output': 'Chopping down a woodland in Cambridgeshire could significantly impact local biodiversity, particularly several important species that inhabit these ecosystems. Here are some key points to consider before deciding to clear the woodland:\n\n1. **Roe Deer**: The roe deer, a species found in Cambridgeshire woodlands, could be directly affected. This species relies on woodland habitats for shelter and food. Removing these areas can lead to a decline in their population due to habitat loss.\n\n2. **Bird Species**: Woodlands in Cambridgeshire are likely to be home to various bird species, including some that may be of conservation concern. These birds use the woodland for nesting, feeding, and protection.\n\n3. **Invertebrates and Plant Species**: Woodlands support a wide range of invertebrate species and flora, some of which may be unique or rare. The biodiversity within a woodland ecosystem is interconnected, with many species depending on each other for survival.\n\n4. **Ecosystem Services**: Beyond the immediate impact on specific species, woodlands provide critical ecosystem services. These include carbon sequestration, air and water purification, and soil stabilization. Removing woodlands can reduce these vital services, which have both local and global environmental implications.\n\n**Why You Should Worry:**\n- **Regulatory and Legal Implications**: There may be legal protections in place for certain species or the woodland itself, which could affect your ability to clear the land.\n- **Environmental Impact**: The loss of biodiversity and ecosystem services can contribute to broader environmental issues, such as climate change and decline in local wildlife populations, which in turn can affect human populations.\n- **Community and Reputation**: Local communities often value nearby natural spaces for recreational and aesthetic reasons. Removing a woodland could potentially lead to community backlash or harm your reputation as a landowner and farmer.\n\nBefore proceeding with any plans to clear the woodland, it would be advisable to conduct a thorough environmental impact assessment and consult with local wildlife conservation authorities. This will help ensure that your actions are in compliance with any applicable laws and considerate of environmental conservation efforts.'}",,3
2024-08-29 14:58:22.172364,"I want to see a nightingale, can you tell me where I should go to stand the best chance of seeing one",I am a biodiversity scientist living in Cambridge,Zero-shot,"{'answer': 'The best places to see nightingales near Cambridge are nature reserves and woodlands where these birds are known to breed. Some recommended locations include:\n\n1. **Paxton Pits Nature Reserve**: Located about 20 miles west of Cambridge, this reserve is known for its nightingale population.\n2. **The Lodge RSPB Reserve**: Situated about 15 miles southwest of Cambridge, this reserve is another good spot for nightingale sightings.\n3. **Fingringhoe Wick Nature Reserve**: Although a bit further away, located about 45 miles southeast of Cambridge, this reserve is renowned for its nightingale habitat.\n\nThe best time to visit is during their breeding season from late April to early June.\n\nConfidence: 0.9', 'confidence': 0.9}",,2
2024-08-29 14:58:22.175627,"I want to see a nightingale, can you tell me where I should go to stand the best chance of seeing one",I am a biodiversity scientist living in Cambridge,Default dossier,"{'input': 'I want to see a nightingale, can you tell me where I should go to stand the best chance of seeing one. I am a biodiversity scientist living in Cambridge', 'context': [Document(metadata={'source': 'data/retrieval_dossier/abbrev_wikipedia-en-dwca-species-descriptions.csv'}, page_content='Habitat"""". Conservation Biology 10:366–375 In 2012 and 2013 the presence of the Darwin\'s fox at Oncol Park, Alerce Costero National Park and the Valdivian Coastal Reserve was confirmed through camera trapping.""'), Document(metadata={'source': 'data/retrieval_dossier/abbrev_wikipedia-en-dwca-species-descriptions.csv'}, page_content='16082,""Fossa. Cryptoprocta ferox. Behavior. Fossa are active both day and night (cathemeral).<br/><br/>The fossa is active during both the day and the night and is considered cathemeral; activity peaks may occur early in the morning, late in the afternoon, and late in the night. The animal generally does not reuse sleeping sites, but females with young do return to the same den. The home ranges of male fossas in Kirindy Forest are up to 26 km2 large, compared to 13 km2 for females. These ranges overlap—by about 30\xa0percent according to data from the eastern forests—but females usually have separated ranges. Home ranges grow during the dry season, perhaps because less food and water is available. In general, radio-collared fossas travel between 2 and per day, although in one reported case a fossa was observed moving a straight-line distance of 7 km in 16\xa0hours. The animal\'s population density appears to be low: in Kirindy Forest, where it is thought to be common, its density has been'), Document(metadata={'source': 'data/retrieval_dossier/abbrev_wikipedia-en-dwca-species-descriptions.csv'}, page_content='16220,""Darwin\'s fox. Lycalopex fulvipes. Ecology. Darwin\'s fox is generally believed to be a forest obligate species found only in southern temperate rainforests. They only occur in areas of primary forest on Chiloé and on the mainland. They are most active at twilight and before sunrise. In contrast to other Lycalopex species, Darwin\'s fox prefers open spaces. The population of Chiloé has about 200 individuals, and Nahuelbuta on the mainland contains about 50 individuals. The total population size is about 250 mature individuals with at least 90% of the population occurring in one subspopulation (Chiloé Island). Although the species is protected in Nahuelbuta National Park, substantial mortality sources exist when foxes move to lower, unprotected private areas in search of milder conditions during the winter.Jiménez, J. E., Lucherini, M. & Novaro, A. J., 2004; IUCN & CSG  2004). On mainland Chile, Jaime Jiménez has observed a small population since 1975 in Nahuelbuta National Park;'), Document(metadata={'source': 'data/retrieval_dossier/abbrev_wikipedia-en-dwca-species-descriptions.csv'}, page_content='during the winter.Jiménez, J. E., Lucherini, M. & Novaro, A. J., 2004; IUCN & CSG  2004). On mainland Chile, Jaime Jiménez has observed a small population since 1975 in Nahuelbuta National Park; this population was first reported to science in the early 1990s (Medel et al. 1990; Jiménez, J. E., Lucherini, M. & Novaro, A. J.,  2004; IUCN, 2004 The population was considered as critically endangered because its main population occurred in one island and their habitat was declining due to human impact.""')], 'answer': ""To see a nightingale (Luscinia megarhynchos), you'll need to visit habitats where they are known to breed and sing, typically between late April and early June. Nightingales prefer dense, scrubby areas with plenty of undergrowth and are often found in deciduous woodlands, coppiced woods, and thick hedgerows. Since you are based in Cambridge, UK, here are a few suggested locations within a reasonable distance:\n\n1. **Fingringhoe Wick Nature Reserve (Essex)**:\n   - Located around an hour's drive from Cambridge, this reserve is a well-known site for nightingales. The reserve's diverse habitats, including scrubby woodland and dense undergrowth, provide ideal conditions for these birds.\n\n2. **Knettishall Heath (Suffolk)**:\n   - About an hour's drive from Cambridge, Knettishall Heath is another good spot for nightingales. The heathland and woodland edges here attract nightingales during the breeding season.\n\n3. **Paxton Pits Nature Reserve (Cambridgeshire)**:\n   - Closer to home, Paxton Pits is known for its nightingale population. The reserve's scrubby areas and thickets are perfect habitats for these secretive birds.\n\n4. **RSPB Minsmere (Suffolk)**:\n   - Approximately a two-hour drive from Cambridge, RSPB Minsmere is one of the premier birdwatching sites in the UK and has suitable habitats for nightingales.\n\n5. **The Lodge Nature Reserve (Bedfordshire)**:\n   - Managed by the RSPB and located about an hour from Cambridge, this reserve also has suitable habitat for nightingales.\n\nTo increase your chances of hearing and seeing nightingales, plan your visit early in the morning or at dusk, as these are the times when they are most vocal. Bring binoculars and be prepared to listen carefully, as nightingales are often heard before they are seen due to their elusive nature.""}",,3
2024-08-29 14:58:22.178436,"I want to see a nightingale, can you tell me where I should go to stand the best chance of seeing one",I am a biodiversity scientist living in Cambridge,Dynamic call,"{'input': 'I want to see a nightingale, can you tell me where I should go to stand the best chance of seeing one. I am a biodiversity scientist living in Cambridge', 'output': 'The common nightingale (Luscinia megarhynchos) is a small passerine bird renowned for its powerful and beautiful song. These birds are found throughout Europe and in parts of Asia. Specifically, they are prevalent in forest and woodland areas, particularly those that are dense and in close proximity to water bodies.\n\nFor the best chance of seeing a nightingale, you should consider visiting suitable habitats during the migration and breeding seasons, which occur in the spring and early summer. In Cambridge, you can visit local nature reserves and woodland areas, as these are the types of locations where nightingales are typically found.\n\nKey locations in the UK where nightingales are known to breed include:\n\n1. **Fingringhoe Wick Nature Reserve** in Essex\n2. **Paxton Pits Nature Reserve** in Cambridgeshire\n3. **Knepp Castle Estate** in West Sussex\n\nThese reserves have habitats that support nightingales, such as dense undergrowth and proximity to water, which are ideal for catching a glimpse of these elusive birds. Early morning or late evening are the best times to hear and possibly see nightingales as they are most active vocally during these periods.'}",,4
2024-08-29 15:06:24.988257,,,Zero-shot,"{'answer': 'Nightingales (Luscinia megarhynchos) are known for their distinctive and beautiful song. In the UK, they are more commonly found in the southern and eastern parts of England but have experienced a decline in population over recent years. Comberton, Cambridgeshire, lies within the historical range of the nightingale, but sightings have become increasingly rare. Habitat preference for nightingales includes dense, scrubby woodland and areas with thick undergrowth, which may not be typical garden environments. However, if your garden has suitable habitat features such as dense shrubs and a rich understorey, you might attract nightingales during their breeding season, which is typically from late April to early June. While it is not highly likely, it is not impossible to spot a nightingale in your garden in Comberton, particularly if you have a habitat that meets their needs.', 'confidence': 0.8}",,2
2024-08-29 15:06:24.991589,,,Default dossier,"{'input': 'How likely am I to find a nightingale in my garden in Comberton, Cambridgeshire. I am an ecologist and computer scientist', 'context': [Document(metadata={'source': 'data/retrieval_dossier/abbrev_wikipedia-en-dwca-species-descriptions.csv'}, page_content='Habitat"""". Conservation Biology 10:366–375 In 2012 and 2013 the presence of the Darwin\'s fox at Oncol Park, Alerce Costero National Park and the Valdivian Coastal Reserve was confirmed through camera trapping.""'), Document(metadata={'source': 'data/retrieval_dossier/abbrev_wikipedia-en-dwca-species-descriptions.csv'}, page_content='16082,""Fossa. Cryptoprocta ferox. Behavior. Fossa are active both day and night (cathemeral).<br/><br/>The fossa is active during both the day and the night and is considered cathemeral; activity peaks may occur early in the morning, late in the afternoon, and late in the night. The animal generally does not reuse sleeping sites, but females with young do return to the same den. The home ranges of male fossas in Kirindy Forest are up to 26 km2 large, compared to 13 km2 for females. These ranges overlap—by about 30\xa0percent according to data from the eastern forests—but females usually have separated ranges. Home ranges grow during the dry season, perhaps because less food and water is available. In general, radio-collared fossas travel between 2 and per day, although in one reported case a fossa was observed moving a straight-line distance of 7 km in 16\xa0hours. The animal\'s population density appears to be low: in Kirindy Forest, where it is thought to be common, its density has been'), Document(metadata={'source': 'data/retrieval_dossier/abbrev_wikipedia-en-dwca-species-descriptions.csv'}, page_content='7996,""Ring-tailed lemur. Lemur catta. Ecology. The ring-tailed lemur is diurnal and semi-terrestrial. It is the most terrestrial of lemur species, spending as much as 33% of its time on the ground. However it is still considerably arboreal, spending 23% of its time in the mid-level canopy, 25% in the upper-level canopy, 6% in the emergent layer and 13% in small bushes. Troop travel is 70% terrestrial. Troop size, home range, and population density vary by region and food availability. Troops typically range in size from 6 to 25, although troops with over 30\xa0individuals have been recorded. The average troop contains 13 to 15\xa0individuals. Home range size varies between 6 and. Troops of the ring-tailed lemur will maintain a territory, but overlap is often high. When encounters occur, they are agonistic, or hostile in nature. A troop will usually occupy the same part of its range for three or four days before moving. When it does move, the average traveling distance is 1 km. Population'), Document(metadata={'source': 'data/retrieval_dossier/abbrev_wikipedia-en-dwca-species-descriptions.csv'}, page_content='16220,""Darwin\'s fox. Lycalopex fulvipes. Ecology. Darwin\'s fox is generally believed to be a forest obligate species found only in southern temperate rainforests. They only occur in areas of primary forest on Chiloé and on the mainland. They are most active at twilight and before sunrise. In contrast to other Lycalopex species, Darwin\'s fox prefers open spaces. The population of Chiloé has about 200 individuals, and Nahuelbuta on the mainland contains about 50 individuals. The total population size is about 250 mature individuals with at least 90% of the population occurring in one subspopulation (Chiloé Island). Although the species is protected in Nahuelbuta National Park, substantial mortality sources exist when foxes move to lower, unprotected private areas in search of milder conditions during the winter.Jiménez, J. E., Lucherini, M. & Novaro, A. J., 2004; IUCN & CSG  2004). On mainland Chile, Jaime Jiménez has observed a small population since 1975 in Nahuelbuta National Park;')], 'answer': 'The likelihood of encountering a nightingale (Luscinia megarhynchos) in your garden in Comberton, Cambridgeshire, depends on several factors, including habitat suitability and the time of year. Here are some points to consider:\n\n### Habitat Suitability\n- **Vegetation:** Nightingales prefer habitats with dense, low vegetation such as scrub, hedgerows, and woodland edges. They require thick undergrowth to nest and forage.\n- **Food Availability:** Nightingales feed on a variety of invertebrates, so a garden rich in insects, spiders, and other small invertebrates could be attractive to them.\n\n### Time of Year\n- **Breeding Season:** Nightingales are migratory birds that typically arrive in the UK in late April and leave by early August. They are most commonly heard singing during the breeding season in May and June.\n  \n### Regional Presence\n- **Distribution:** Nightingales have a patchy distribution in the UK and are more commonly found in the south-east, including parts of Cambridgeshire. However, their numbers have been declining due to habitat loss and degradation.\n\n### Specific Location in Comberton\n- **Local Records:** Check local bird-watching records or databases (e.g., eBird, local bird clubs) to see if nightingales have been reported in your area.\n\n### Practical Steps\n- **Habitat Enhancement:** To increase the chances of attracting nightingales, you could enhance your garden by planting dense shrubs, maintaining a natural undergrowth, and ensuring a diverse invertebrate population.\n- **Monitoring:** Use bird calls or recordings to check for nightingales during the breeding season. Early morning or late evening is the best time to hear their distinctive song.\n\n### Conclusion\nWhile it is not highly likely to find nightingales in every garden in Comberton, Cambridgeshire, it is possible if the habitat conditions are suitable and you are within their regional range. Enhancing your garden to provide the necessary resources and monitoring during the peak season could improve your chances.'}",,3
2024-08-29 15:06:24.994567,,,Dynamic call,"{'input': 'How likely am I to find a nightingale in my garden in Comberton, Cambridgeshire. I am an ecologist and computer scientist', 'output': 'The likelihood of finding a common nightingale (Luscinia megarhynchos) in your garden in Comberton, Cambridgeshire can be influenced by several factors, including habitat suitability and the range of the species. Common nightingales are known for their preference for dense, scrubby vegetation with thick undergrowth, often near water bodies. They are predominantly found in southern and central Europe during the breeding season.\n\nCambridgeshire falls within the range where nightingales have been known to occur, particularly in the southern parts of the UK. However, their numbers have been in decline across Britain due to habitat loss and other environmental pressures. In areas like Comberton, the appearance of a nightingale might be occasional depending on the availability of suitable habitats.\n\nTo enhance the chances of attracting a nightingale to your garden, you might consider managing your garden to create or maintain habitats that are favorable to them, such as maintaining a wilder area with dense bushes and providing a water source.\n\nOverall, while it is not impossible, the likelihood of regularly seeing a nightingale in your garden in Comberton is relatively low, but with appropriate habitat management, you might increase your chances of spotting this renowned songbird.'}",,4
2024-08-29 16:10:59.415312,,,Zero-shot,"{'answer': 'The likelihood of seeing a raft spider (Dolomedes fimbriatus) around Cambridge is relatively low. These spiders are typically found in wetland areas such as marshes, fens, and bogs. While there may be some suitable habitats around Cambridge, the species is more commonly found in specific wetland sites. To increase your chances of observing a raft spider, it would be best to visit known wetland habitats and nature reserves.', 'confidence': 0.85}",,1
2024-08-29 16:10:59.419085,,,Default dossier,"{'input': ""How likely am I to see a raft spider. I'm an ecologist in Cambridge"", 'context': [Document(metadata={'source': 'data/retrieval_dossier/abbrev_wikipedia-en-dwca-species-descriptions.csv'}, page_content='Habitat"""". Conservation Biology 10:366–375 In 2012 and 2013 the presence of the Darwin\'s fox at Oncol Park, Alerce Costero National Park and the Valdivian Coastal Reserve was confirmed through camera trapping.""'), Document(metadata={'source': 'data/retrieval_dossier/abbrev_wikipedia-en-dwca-species-descriptions.csv'}, page_content='by natural predators in their habitat. Some of the well-known predators are “fossa (Cryptoprocta ferox), ring tailed mongoose(Galidia elegans), owls (Strigiformes), and Madagascar harrier hawk (Polyboroides radiatus)."""" Esser, Matthew. """"Microcebus Rufus (brown Mouse Lemur)."""" Animal Diversity Web. University of Michigan Museum of Zoology, n.d. Web. 07 Dec. 2015. Some say that brown mouse lemurs could be influential in spreading the seeds of plants and fruits they eat. As a result of deforestation they are at risk of extinction according to the Convention on International Trade in Endangered Species (CITES).""'), Document(metadata={'source': 'data/retrieval_dossier/abbrev_wikipedia-en-dwca-species-descriptions.csv'}, page_content='during the winter.Jiménez, J. E., Lucherini, M. & Novaro, A. J., 2004; IUCN & CSG  2004). On mainland Chile, Jaime Jiménez has observed a small population since 1975 in Nahuelbuta National Park; this population was first reported to science in the early 1990s (Medel et al. 1990; Jiménez, J. E., Lucherini, M. & Novaro, A. J.,  2004; IUCN, 2004 The population was considered as critically endangered because its main population occurred in one island and their habitat was declining due to human impact.""'), Document(metadata={'source': 'data/retrieval_dossier/abbrev_wikipedia-en-dwca-species-descriptions.csv'}, page_content='13581,""Golden-brown mouse lemur. Microcebus ravelobensis. Anthropogenic threats. Microcebus ravelobensis appears to be affected by deforestation as it has led to an edge effect which has shown to have increased by body mass of females in edge habitats.  Although deforestation seems to benefit the species in one specific location, the overall effects of deforestation lead to disruption in biodiversity, population density and dispersal and decreased genetic diversity. IUCN red list website states that, “The principal threat to this species is habitat loss due to slash-and-burn agriculture.” """"Support the."""" Microcebus Rufus (Brown Mouse-lemur, Rufous Mouse-lemur, Rufous Mouse Lemur, Russet Mouse-lemur). The IUCN Red List of Threatened Species, n.d. Web. 07 Dec. 2015. They are also threatened by natural predators in their habitat. Some of the well-known predators are “fossa (Cryptoprocta ferox), ring tailed mongoose(Galidia elegans), owls (Strigiformes), and Madagascar harrier hawk')], 'answer': 'As an ecologist in Cambridge, UK, you have a reasonable chance of observing a raft spider, particularly the species Dolomedes fimbriatus or Dolomedes plantarius. Here are some factors that might influence your likelihood of encountering these spiders:\n\n1. **Habitat**: Raft spiders are typically found in wetland habitats such as marshes, fens, and ponds. They are semi-aquatic and can often be seen on vegetation near water bodies or even on the surface of the water. Cambridge and its surrounding areas have several wetland reserves and nature parks where these habitats are present.\n\n2. **Season**: Raft spiders are more likely to be observed during the warmer months, especially from late spring to early autumn. During this period, they are more active and easier to spot.\n\n3. **Field Methods**: As an ecologist, you might employ specific survey methods such as:\n   - **Visual searches**: Scanning the edges of water bodies and vegetation for the characteristic large, dark spider.\n   - **Camera traps**: Strategically placed around suitable habitats to capture their activity.\n   - **Sweep netting**: Using nets to sweep through vegetation near water bodies.\n\n4. **Conservation Status**: Dolomedes plantarius, also known as the fen raft spider, is listed as vulnerable in the UK and is subject to conservation efforts. You might check with local conservation organizations or biodiversity records to identify known populations or monitoring projects.\n\n5. **Local Knowledge**: Engaging with local wildlife groups or citizen science projects can provide valuable information on recent sightings and known habitats of raft spiders in the Cambridge area.\n\nBy focusing your efforts in suitable habitats during the right seasons and employing effective field methods, you increase your chances of observing a raft spider in the Cambridge area.'}",,1
2024-08-29 16:10:59.421880,,,Dynamic call,"{'input': ""How likely am I to see a raft spider. I'm an ecologist in Cambridge"", 'output': 'The likelihood of encountering a raft spider (Dolomedes fimbriatus) in Cambridge, as an ecologist, is quite favorable, given that this species is known to inhabit various regions across Europe, including the United Kingdom. The raft spider typically resides in wetland habitats such as fens, marshes, and the edges of ponds and lakes, areas where their semi-aquatic lifestyle is supported.\n\nIn Cambridge, suitable wetland habitats are present, which might support populations of raft spiders. Observing them might require visiting these specific habitats, especially during warmer months when spiders are more active.\n\nFor precise sightings and locations within Cambridge or surrounding areas, it might be helpful to connect with local wildlife groups or use platforms that track species observations.'}",,1
2024-08-29 16:28:50.872440,,,Zero-shot,"{'answer': ""The fen raft spider (Dolomedes plantarius) is a rare and protected species in the UK. If you want to observe them in their natural habitat, you would need to visit specific locations where they are known to exist. These spiders are typically found in wetland areas, especially in fens and marshes. In the UK, there are three main strongholds for the fen raft spider: Redgrave and Lopham Fen on the border of Norfolk and Suffolk, Pevensey Levels in East Sussex, and the Broads in Norfolk and Suffolk. Since you are in Comberton, Cambridgeshire, the closest notable location to observe fen raft spiders would be the Broads in Norfolk and Suffolk, which are about a 1.5 to 2-hour drive from your location. It's advisable to check with local conservation organizations or nature reserves for the best times and specific areas within these locations where the spiders have been recently observed."", 'confidence': 0.9}",,1
2024-08-29 16:28:50.876790,,,Default dossier,"{'input': 'I would like to find a fen raft spider - where should I go to look for one. I am a biodiversity and computer scientist living in Comberton, Cambridgeshire', 'context': [Document(metadata={'source': 'data/retrieval_dossier/abbrev_wikipedia-en-dwca-species-descriptions.csv'}, page_content='Habitat"""". Conservation Biology 10:366–375 In 2012 and 2013 the presence of the Darwin\'s fox at Oncol Park, Alerce Costero National Park and the Valdivian Coastal Reserve was confirmed through camera trapping.""'), Document(metadata={'source': 'data/retrieval_dossier/abbrev_wikipedia-en-dwca-species-descriptions.csv'}, page_content='16082,""Fossa. Cryptoprocta ferox. Behavior. Fossa are active both day and night (cathemeral).<br/><br/>The fossa is active during both the day and the night and is considered cathemeral; activity peaks may occur early in the morning, late in the afternoon, and late in the night. The animal generally does not reuse sleeping sites, but females with young do return to the same den. The home ranges of male fossas in Kirindy Forest are up to 26 km2 large, compared to 13 km2 for females. These ranges overlap—by about 30\xa0percent according to data from the eastern forests—but females usually have separated ranges. Home ranges grow during the dry season, perhaps because less food and water is available. In general, radio-collared fossas travel between 2 and per day, although in one reported case a fossa was observed moving a straight-line distance of 7 km in 16\xa0hours. The animal\'s population density appears to be low: in Kirindy Forest, where it is thought to be common, its density has been'), Document(metadata={'source': 'data/retrieval_dossier/abbrev_wikipedia-en-dwca-species-descriptions.csv'}, page_content='by natural predators in their habitat. Some of the well-known predators are “fossa (Cryptoprocta ferox), ring tailed mongoose(Galidia elegans), owls (Strigiformes), and Madagascar harrier hawk (Polyboroides radiatus)."""" Esser, Matthew. """"Microcebus Rufus (brown Mouse Lemur)."""" Animal Diversity Web. University of Michigan Museum of Zoology, n.d. Web. 07 Dec. 2015. Some say that brown mouse lemurs could be influential in spreading the seeds of plants and fruits they eat. As a result of deforestation they are at risk of extinction according to the Convention on International Trade in Endangered Species (CITES).""'), Document(metadata={'source': 'data/retrieval_dossier/abbrev_wikipedia-en-dwca-species-descriptions.csv'}, page_content='16081,""Fossa. Cryptoprocta ferox. Habitat and distribution. The fossa has the most widespread geographical range of the Malagasy carnivores, and is generally found in low numbers throughout the island in remaining tracts of forest, preferring pristine undisturbed forest habitat. It is also encountered in some degraded forests, but in lower numbers. Although the fossa is found in all known forest habitats throughout Madagascar, including the western, dry deciduous forests, the eastern rainforests, and the southern spiny forests, it is seen more frequently in humid than in dry forests. This may be because the reduced canopy in dry forests provides less shade, and also because the fossa seems to travel more easily in humid forests. It is absent from areas with the heaviest habitat disturbance and, like most of Madagascar\'s fauna, from the central high plateau of the country. The fossa has been found across several different elevational gradients in undisturbed portions of protected areas')], 'answer': ""Fen raft spiders (Dolomedes plantarius) are an endangered species in the UK and are known for their association with wetland habitats. To find fen raft spiders, you should visit locations that have suitable wetland ecosystems, which often include fenlands, marshes, and other aquatic habitats with abundant vegetation.\n\nGiven your location in Comberton, Cambridgeshire, here are a few sites where you might have a good chance of encountering fen raft spiders:\n\n1. **Redgrave and Lopham Fen, Suffolk**:\n   - This is one of the primary sites for fen raft spiders in the UK. It's a National Nature Reserve managed by the Suffolk Wildlife Trust and is one of the few places where conservation efforts for the species are ongoing.\n\n2. **Norfolk Broads, Norfolk**:\n   - The Norfolk Broads is a network of rivers and lakes and is a stronghold for various wetland species, including the fen raft spider. Specific sites within the Broads that are known to have fen raft spiders include Strumpshaw Fen and Hickling Broad.\n\n3. **Pevensey Levels, East Sussex**:\n   - This site is another important location for fen raft spiders. The Pevensey Levels is a large wetland area with extensive grazing marshes.\n\n4. **Kennet and Avon Canal, Somerset**:\n   - Although a bit further away, this location has been part of conservation translocations to help establish new populations of fen raft spiders.\n\nWhen visiting these sites, look for fen raft spiders in areas with still or slow-moving water, especially where there is floating vegetation or emergent plants. They are usually found near the water's edge, often on the surface of the water or among marginal plants.\n\nIf you are interested in contributing to conservation efforts or monitoring activities, you might consider reaching out to local wildlife trusts or conservation organizations for guidance and opportunities to get involved.\n\nRemember to respect the habitat and follow any guidelines or regulations set by the managing authorities to minimize disturbance to the species and their environment.""}",,1
2024-08-29 16:28:50.879868,,,Dynamic call,"{'input': 'I would like to find a fen raft spider - where should I go to look for one. I am a biodiversity and computer scientist living in Comberton, Cambridgeshire', 'output': 'The Fen Raft Spider, also known as the Great Raft Spider (Dolomedes plantarius), is found in various parts of Europe, including the United Kingdom. Living in Comberton, Cambridgeshire, you are in a prime location to find this species. In the UK, Fen Raft Spiders are notably present in certain wetland habitats.\n\nHere are some specific locations and habitats within the UK where you might find the Fen Raft Spider:\n1. **Fenland habitats** - These spiders are typically found in fens, which are a type of wetland.\n2. **Nature reserves** - Several nature reserves in the UK, especially those that manage wetland environments, could be potential habitats for the Fen Raft Spider. It would be beneficial to check with local wildlife trusts or conservation groups for more precise locations within Cambridgeshire or nearby regions.\n\nFen Raft Spiders are semi-aquatic and tend to inhabit areas near water bodies like ponds and ditches, primarily in fenland areas. Looking for them in such environments within or around Cambridgeshire could lead to successful sightings.'}",,1
2024-08-29 16:36:43.615516,"I would like to find a fen raft spider, where should I go to find one","I am an ecologist living in Comberton, Cambridge",Zero-shot,"{'answer': 'The fen raft spider (Dolomedes plantarius) is a rare species in the UK. The best places to find this spider are in peat bogs, fens, and marshes. The most well-known locations for spotting this spider in the UK are Redgrave and Lopham Fen in Norfolk and Suffolk, and the Pevensey Levels in East Sussex. Unfortunately, there are no confirmed populations of fen raft spiders in Cambridgeshire. You might need to travel to one of these locations to observe them in their natural habitat.', 'confidence': 0.9}",,2
2024-08-29 16:36:43.618845,"I would like to find a fen raft spider, where should I go to find one","I am an ecologist living in Comberton, Cambridge",Default dossier,"{'input': 'I would like to find a fen raft spider, where should I go to find one. I am an ecologist living in Comberton, Cambridge', 'context': [Document(metadata={'source': 'data/retrieval_dossier/abbrev_wikipedia-en-dwca-species-descriptions.csv'}, page_content='Habitat"""". Conservation Biology 10:366–375 In 2012 and 2013 the presence of the Darwin\'s fox at Oncol Park, Alerce Costero National Park and the Valdivian Coastal Reserve was confirmed through camera trapping.""'), Document(metadata={'source': 'data/retrieval_dossier/abbrev_wikipedia-en-dwca-species-descriptions.csv'}, page_content='by natural predators in their habitat. Some of the well-known predators are “fossa (Cryptoprocta ferox), ring tailed mongoose(Galidia elegans), owls (Strigiformes), and Madagascar harrier hawk (Polyboroides radiatus)."""" Esser, Matthew. """"Microcebus Rufus (brown Mouse Lemur)."""" Animal Diversity Web. University of Michigan Museum of Zoology, n.d. Web. 07 Dec. 2015. Some say that brown mouse lemurs could be influential in spreading the seeds of plants and fruits they eat. As a result of deforestation they are at risk of extinction according to the Convention on International Trade in Endangered Species (CITES).""'), Document(metadata={'source': 'data/retrieval_dossier/abbrev_wikipedia-en-dwca-species-descriptions.csv'}, page_content='16081,""Fossa. Cryptoprocta ferox. Habitat and distribution. The fossa has the most widespread geographical range of the Malagasy carnivores, and is generally found in low numbers throughout the island in remaining tracts of forest, preferring pristine undisturbed forest habitat. It is also encountered in some degraded forests, but in lower numbers. Although the fossa is found in all known forest habitats throughout Madagascar, including the western, dry deciduous forests, the eastern rainforests, and the southern spiny forests, it is seen more frequently in humid than in dry forests. This may be because the reduced canopy in dry forests provides less shade, and also because the fossa seems to travel more easily in humid forests. It is absent from areas with the heaviest habitat disturbance and, like most of Madagascar\'s fauna, from the central high plateau of the country. The fossa has been found across several different elevational gradients in undisturbed portions of protected areas'), Document(metadata={'source': 'data/retrieval_dossier/abbrev_wikipedia-en-dwca-species-descriptions.csv'}, page_content='16220,""Darwin\'s fox. Lycalopex fulvipes. Ecology. Darwin\'s fox is generally believed to be a forest obligate species found only in southern temperate rainforests. They only occur in areas of primary forest on Chiloé and on the mainland. They are most active at twilight and before sunrise. In contrast to other Lycalopex species, Darwin\'s fox prefers open spaces. The population of Chiloé has about 200 individuals, and Nahuelbuta on the mainland contains about 50 individuals. The total population size is about 250 mature individuals with at least 90% of the population occurring in one subspopulation (Chiloé Island). Although the species is protected in Nahuelbuta National Park, substantial mortality sources exist when foxes move to lower, unprotected private areas in search of milder conditions during the winter.Jiménez, J. E., Lucherini, M. & Novaro, A. J., 2004; IUCN & CSG  2004). On mainland Chile, Jaime Jiménez has observed a small population since 1975 in Nahuelbuta National Park;')], 'answer': 'The fen raft spider (Dolomedes plantarius) is a rare and protected species in the UK. If you are an ecologist living in Comberton, Cambridge, you have a few options to find this species within the UK. Here are some key locations where fen raft spiders are known to inhabit:\n\n1. **Redgrave and Lopham Fen**: This is one of the primary sites for fen raft spiders. It is located on the border between Norfolk and Suffolk. This nature reserve is managed by Suffolk Wildlife Trust and is one of the largest remaining river valley fen habitats in England.\n\n2. **Pevensey Levels**: Situated in East Sussex, this area is another stronghold for the fen raft spider. It is a large wetland area that provides suitable habitat for the species.\n\n3. **Castle Marshes**: Located in Suffolk, this site is managed by the Suffolk Wildlife Trust and is known to support a population of fen raft spiders.\n\nBefore visiting any of these sites, it’s a good idea to contact the relevant wildlife trusts or reserve managers for permission and guidance, as the fen raft spider is a protected species and its habitats are often sensitive. Additionally, consider participating in any organized surveys or conservation projects, as these can provide opportunities to observe and study the species in its natural habitat under expert supervision.\n\nFor current information on the status and locations of fen raft spider populations, you might also check with organizations such as Natural England or local biodiversity records centers.'}",,2
2024-08-29 16:36:43.622150,"I would like to find a fen raft spider, where should I go to find one","I am an ecologist living in Comberton, Cambridge",Dynamic call,"{'input': 'I would like to find a fen raft spider, where should I go to find one. I am an ecologist living in Comberton, Cambridge', 'output': 'The Fen Raft Spider, also known as the Great Raft Spider (Dolomedes plantarius), is a European species found in various countries. Based on your location in Comberton, Cambridge, the most practical places to find this spider are in England or nearby regions within the United Kingdom.\n\nThe Fen Raft Spider thrives in fenland and wetland habitats, often around still or slow-moving water bodies. In the UK, specific nature reserves and wetlands may have suitable environments for observing these spiders. Look for areas with abundant aquatic vegetation which is ideal for these spiders to hunt and live.\n\nYou might want to explore local nature reserves or protected areas that focus on wetland conservation. The Wicken Fen Nature Reserve, not far from Cambridge, is one of the oldest nature reserves in England and could potentially be a habitat for the Fen Raft Spider due to its extensive wetland ecosystem.'}",,2
2024-09-03 12:13:19.118547,How likely am I to find a snowy owl in my garden,"I live in Comberton, Cambridgeshire",Zero-shot,"{'answer': 'The likelihood of finding a snowy owl (Bubo scandiacus) in your garden in Comberton, Cambridgeshire is extremely low. Snowy owls are native to the Arctic regions and are rarely seen in the UK. Sightings in the UK are typically limited to the northern parts of Scotland during the winter months, and even there, they are uncommon.', 'confidence': 0.95}",,2
2024-09-03 12:13:19.123308,How likely am I to find a snowy owl in my garden,"I live in Comberton, Cambridgeshire",Default dossier,"{'input': 'How likely am I to find a snowy owl in my garden. I live in Comberton, Cambridgeshire', 'context': [Document(metadata={'source': 'data/retrieval_dossier/abbrev_wikipedia-en-dwca-species-descriptions.csv'}, page_content='Habitat"""". Conservation Biology 10:366–375 In 2012 and 2013 the presence of the Darwin\'s fox at Oncol Park, Alerce Costero National Park and the Valdivian Coastal Reserve was confirmed through camera trapping.""'), Document(metadata={'source': 'data/retrieval_dossier/abbrev_wikipedia-en-dwca-species-descriptions.csv'}, page_content='16221,""Darwin\'s fox. Lycalopex fulvipes. Conservation status. The species was previously classified as Critically Endangered by the IUCN, but in 2016 was downlisted to Endangered, as its area occurrences is apparently substantially larger than originally believed. Current estimates of the total population are still low, with an estimated minimum 227 individuals on the mainland and 412 on Chiloé Island. Fragmentation of forest adjacent to the national park and on the island is a concern for their conservation, and feral dogs may pose the greatest threat to their survival by spreading disease or directly attacking. Persecution by people who think that the foxes attack domestic fowls, though they pose little threat, is also a potential problem.""'), Document(metadata={'source': 'data/retrieval_dossier/abbrev_wikipedia-en-dwca-species-descriptions.csv'}, page_content='16220,""Darwin\'s fox. Lycalopex fulvipes. Ecology. Darwin\'s fox is generally believed to be a forest obligate species found only in southern temperate rainforests. They only occur in areas of primary forest on Chiloé and on the mainland. They are most active at twilight and before sunrise. In contrast to other Lycalopex species, Darwin\'s fox prefers open spaces. The population of Chiloé has about 200 individuals, and Nahuelbuta on the mainland contains about 50 individuals. The total population size is about 250 mature individuals with at least 90% of the population occurring in one subspopulation (Chiloé Island). Although the species is protected in Nahuelbuta National Park, substantial mortality sources exist when foxes move to lower, unprotected private areas in search of milder conditions during the winter.Jiménez, J. E., Lucherini, M. & Novaro, A. J., 2004; IUCN & CSG  2004). On mainland Chile, Jaime Jiménez has observed a small population since 1975 in Nahuelbuta National Park;'), Document(metadata={'source': 'data/retrieval_dossier/abbrev_wikipedia-en-dwca-species-descriptions.csv'}, page_content='16082,""Fossa. Cryptoprocta ferox. Behavior. Fossa are active both day and night (cathemeral).<br/><br/>The fossa is active during both the day and the night and is considered cathemeral; activity peaks may occur early in the morning, late in the afternoon, and late in the night. The animal generally does not reuse sleeping sites, but females with young do return to the same den. The home ranges of male fossas in Kirindy Forest are up to 26 km2 large, compared to 13 km2 for females. These ranges overlap—by about 30\xa0percent according to data from the eastern forests—but females usually have separated ranges. Home ranges grow during the dry season, perhaps because less food and water is available. In general, radio-collared fossas travel between 2 and per day, although in one reported case a fossa was observed moving a straight-line distance of 7 km in 16\xa0hours. The animal\'s population density appears to be low: in Kirindy Forest, where it is thought to be common, its density has been')], 'answer': 'Spotting a snowy owl (Bubo scandiacus) in your garden in Comberton, Cambridgeshire, is highly unlikely. Snowy owls are native to the Arctic regions, including parts of Canada, Greenland, Scandinavia, and Russia. They are known for their striking white plumage and are primarily adapted to cold, tundra environments.\n\nWhile snowy owls do occasionally migrate south during the winter in search of food, this phenomenon, known as an irruption, typically brings them to more northern areas of the UK, such as Scotland or the northern coasts of England. Even during irruption years, it is rare for snowy owls to venture as far south as Cambridgeshire.\n\nIf you are interested in birdwatching and hoping to see a variety of owl species in your garden or local area, you might be more likely to spot species that are common to the UK, such as the barn owl (Tyto alba), tawny owl (Strix aluco), or little owl (Athene noctua). These species are better adapted to the local environment and are more commonly found in rural and semi-rural areas like Comberton.'}",,3
2024-09-03 12:13:19.131857,How likely am I to find a snowy owl in my garden,"I live in Comberton, Cambridgeshire",Dynamic call,"{'input': 'How likely am I to find a snowy owl in my garden. I live in Comberton, Cambridgeshire', 'output': 'The likelihood of finding a snowy owl (Bubo scandiacus) in your garden in Comberton, Cambridgeshire, is extremely low. Snowy owls are native to Arctic regions and are typically found in the circumpolar areas of North America and the Palearctic, favoring open tundra. They are rare visitors to the UK, typically seen only during irregular winter migrations when their usual prey in the Arctic is scarce.\n\nSnowy owls are not native to the UK and are not adapted to the environmental conditions typical of Cambridgeshire. Their presence in the UK is generally a significant and unusual event, often recorded by bird watchers and considered noteworthy.\n\nTherefore, it is highly unlikely that a snowy owl would appear in your garden in Comberton, Cambridgeshire, unless under exceptional migratory circumstances.'}",,3
2024-09-03 12:17:27.132906,Where can I find this species Chinavia hilaris in Spain,I think that I found one in my house in Madrid,Zero-shot,"{'answer': ""Chinavia hilaris, commonly known as the green stink bug, is native to North America and is not typically found in Spain. It's possible that what you found is a different species of shield bug that looks similar. Common green shield bugs found in Spain include Palomena prasina. For accurate identification, consider consulting a local entomologist or using a reliable insect identification app."", 'confidence': 0.9}",,2
2024-09-03 12:17:27.135965,Where can I find this species Chinavia hilaris in Spain,I think that I found one in my house in Madrid,Default dossier,"{'input': 'Where can I find this species Chinavia hilaris in Spain. I think that I found one in my house in Madrid', 'context': [Document(metadata={'source': 'data/retrieval_dossier/abbrev_wikipedia-en-dwca-species-descriptions.csv'}, page_content='16220,""Darwin\'s fox. Lycalopex fulvipes. Ecology. Darwin\'s fox is generally believed to be a forest obligate species found only in southern temperate rainforests. They only occur in areas of primary forest on Chiloé and on the mainland. They are most active at twilight and before sunrise. In contrast to other Lycalopex species, Darwin\'s fox prefers open spaces. The population of Chiloé has about 200 individuals, and Nahuelbuta on the mainland contains about 50 individuals. The total population size is about 250 mature individuals with at least 90% of the population occurring in one subspopulation (Chiloé Island). Although the species is protected in Nahuelbuta National Park, substantial mortality sources exist when foxes move to lower, unprotected private areas in search of milder conditions during the winter.Jiménez, J. E., Lucherini, M. & Novaro, A. J., 2004; IUCN & CSG  2004). On mainland Chile, Jaime Jiménez has observed a small population since 1975 in Nahuelbuta National Park;'), Document(metadata={'source': 'data/retrieval_dossier/abbrev_wikipedia-en-dwca-species-descriptions.csv'}, page_content='during the winter.Jiménez, J. E., Lucherini, M. & Novaro, A. J., 2004; IUCN & CSG  2004). On mainland Chile, Jaime Jiménez has observed a small population since 1975 in Nahuelbuta National Park; this population was first reported to science in the early 1990s (Medel et al. 1990; Jiménez, J. E., Lucherini, M. & Novaro, A. J.,  2004; IUCN, 2004 The population was considered as critically endangered because its main population occurred in one island and their habitat was declining due to human impact.""'), Document(metadata={'source': 'data/retrieval_dossier/abbrev_wikipedia-en-dwca-species-descriptions.csv'}, page_content='Habitat"""". Conservation Biology 10:366–375 In 2012 and 2013 the presence of the Darwin\'s fox at Oncol Park, Alerce Costero National Park and the Valdivian Coastal Reserve was confirmed through camera trapping.""'), Document(metadata={'source': 'data/retrieval_dossier/abbrev_wikipedia-en-dwca-species-descriptions.csv'}, page_content='broader muzzle. Males display no territorial behavior and aren\'t aggressive towards other males roaming around their territory. Darwin\'s fox was first collected from San Pedro Island off the coast of Chile by the naturalist Charles Darwin in 1834. It was long held that Darwin\'s fox was a subspecies of the South American gray fox (L. griseus); however, the discovery of a small population of Darwin\'s fox on the mainland in Nahuelbuta National Park in 1990Medel, R. G. et al. 1990. Discovery of a continental population of the rare Darwin fox, Dusicyon fulvipes (Martin, 1839) in Chile. Biological Conservation 51:71–77 and subsequent genetic analysis has clarified the fox\'s status as a unique species.Yahnke, C.J. et al. 1996. """"Darwin\'s Fox: A Distinct Endangered Species in a Vanishing Habitat"""". Conservation Biology 10:366–375 In 2012 and 2013 the presence of the Darwin\'s fox at Oncol Park, Alerce Costero National Park and the Valdivian Coastal Reserve was confirmed through camera')], 'answer': 'Chinavia hilaris, commonly known as the green stink bug, is native to North America and is not typically found in Spain. However, due to globalization and the movement of goods and people, it is possible for non-native species to occasionally appear in new locations.\n\nIf you believe you have found a green stink bug in Madrid, it is important to properly identify the insect to confirm whether it is indeed Chinavia hilaris or a similar-looking species. In Spain, there are native green shield bugs that might be confused with Chinavia hilaris, such as Palomena prasina.\n\nTo accurately identify the insect, you could:\n\n1. **Consult an Entomologist:** Bring a specimen or a clear photograph to a local university or natural history museum where entomologists can provide identification.\n2. **Online Identification Tools:** Use online insect identification websites or apps, which often have databases of regional insects.\n3. **Contact Local Authorities:** Reach out to local agricultural or environmental authorities who might be interested in tracking non-native species.\n\nProper identification is crucial for managing any potential ecological impact, especially if the species turns out to be non-native and potentially invasive. If confirmed, local authorities may want to take measures to prevent its establishment and spread.'}",,3
2024-09-03 12:17:27.138158,Where can I find this species Chinavia hilaris in Spain,I think that I found one in my house in Madrid,Dynamic call,"{'input': 'Where can I find this species Chinavia hilaris in Spain. I think that I found one in my house in Madrid', 'output': 'The species Chinavia hilaris, commonly known as the green stink bug, is primarily found in various regions across the United States including states like Massachusetts, Nebraska, Delaware, and California among others. There are no records of this species being naturally present in Spain.\n\nIf you believe you have found a Chinavia hilaris in Madrid, it could possibly be a misidentification or an unusual occurrence, such as an accidental introduction. It would be advisable to consult with local entomologists or biological experts to confirm the identification of the species.'}",,3
